{
  "area": 1333540.4195691748,
  "percPlanningArea": 7.821344224876004e-7,
  "areaUnit": "square meters"
}