{
  "area": 61799978.06648861,
  "percPlanningArea": 0.0000362462880355702,
  "areaUnit": "square meters"
}