{
  "area": 58209138530.96927,
  "percPlanningArea": 0.03414022573318689,
  "areaUnit": "square meters"
}