{
  "area": 314428.76295826805,
  "percPlanningArea": 1.844155267594412e-7,
  "areaUnit": "square meters"
}