{
  "area": 6627091.221534153,
  "percPlanningArea": 0.000003886853438609544,
  "areaUnit": "square meters"
}