{
  "area": 30232754584.586136,
  "percPlanningArea": 0.01773180452592801,
  "areaUnit": "square meters"
}