{
  "area": 5302300168.327457,
  "percPlanningArea": 0.0031098506045662304,
  "areaUnit": "square meters"
}