{
  "area": 1333540.4195691403,
  "percPlanningArea": 7.821344224875801e-7,
  "areaUnit": "square meters"
}