{
  "area": 2432935507.954768,
  "percPlanningArea": 0.001426940331571308,
  "areaUnit": "square meters"
}