{
  "area": 9495.903236867534,
  "percPlanningArea": 5.56943957991538e-9,
  "areaUnit": "square meters"
}