{
  "area": 8769.477847421336,
  "percPlanningArea": 5.143384025754983e-9,
  "areaUnit": "square meters"
}