{
  "area": 1019111.6566109066,
  "percPlanningArea": 5.977188957281591e-7,
  "areaUnit": "square meters"
}